{
  "n": 50,
  "seed": 0,
  "arg": "{\"temp0\": 5.447404145841356, \"temp1\": 0.00019686877269661473, \"move_d_max\": 75, \"grow_d1_start\": 673.7578724448969, \"grow_d1_end\": 4.638584469581601, \"grow_d2_start\": 828.7744897831718, \"grow_d2_end\": 4.225502824746826, \"rect_move_weight\": 0.07673913633257524, \"rect_grow_d1_weight\": 0.10266410353678079, \"rect_grow_d2_weight\": 0.9772442576479633}"
}
